micros,adc0,adc1
20000000,0.0000000000,0.8406646728
30000000,1.0019550323,1.2170088291
40000000,0.0000000000,0.8406646728
