micros,adc0,adc1
30000000,5.0000000000,0.9237536430
40000000,5.0000000000,3.4897360801
50000000,5.0000000000,3.4897360801
